"Company Name","Parent Company Name","Executive First Name","Executive Last Name","Address","City","State","ZIP Code","Credit Score Alpha","Executive Gender","Executive Title","Fax Number Combined","IUSA Number","Location Employee Size Range","Location Sales Volume Range","Phone Number Combined","Primary SIC Code","Primary SIC Description","SIC Code 1","SIC Code 1 Description","Legal Name","Record Type"
"Bama Dining","","Tim","Vandermeersch","PO Box 870389","Tuscaloosa","AL","35487","C","Male","Manager","","40-566-2937","1 to 4","Less Than $500,000","(205) 348-6816","581208","Restaurants","581208","Restaurants","","Verified"
"Bama Dining-Armark","","Bret","Davison","1000 Mccorvey Dr","Tuscaloosa","AL","35401","B","Male","Manager","","69-041-3083","5 to 9","Less Than $500,000","(205) 348-4266","581208","Restaurants","581208","Restaurants","","Verified"
"Bama Hotdogs","","Deborah","Harris","1613 Pinson Valley Pkwy","Birmingham","AL","35217","B","Female","Owner","","49-602-3805","1 to 4","Less Than $500,000","(205) 849-2244","581208","Restaurants","581208","Restaurants","","Verified"
"Bama Ventures","","","","833 S Railroad Ave","Opelika","AL","36801","B","","","","71-533-0479","5 to 9","Less Than $500,000","(334) 363-0181","581208","Restaurants","581208","Restaurants","","Verified"
"Bamaside Family Restaurant","","","","201 AL Highway 75","Higdon","AL","35979","B","","","","58-988-9971","1 to 4","Less Than $500,000","(256) 632-3436","581208","Restaurants","581208","Restaurants","","Verified"
"Bamboo Japanese Steak House","","","","650 Cody Rd S","Mobile","AL","36695","B+","","","","40-257-0555","20 to 49","$500,000-1 Million","(251) 300-8383","581208","Restaurants","581208","Restaurants","","Verified"
"Bamboo On 2nd","","Sam","Fallaw","2212 2nd Ave N","Birmingham","AL","35203","B","Male","Other","","71-184-0302","10 to 19","Less Than $500,000","(205) 703-0551","581208","Restaurants","581208","Restaurants","","Verified"
"Banana Man LLC","","","","621 Boll Weevil Cir","Enterprise","AL","36330","C+","","","","42-769-6063","1 to 4","Less Than $500,000","(334) 417-0106","581301","Bars","581301","Bars","BANANA MAN LLC","Verified"
"Bandito Burrito","","Oscar","Gutierrez","3017 Governors Dr SW","Huntsville","AL","35805","B+","Male","Owner","","40-186-7254","10 to 19","$500,000-1 Million","(256) 534-0866","581208","Restaurants","581208","Restaurants","","Verified"
"Bangkok Thai Cuisine","","Sivaporn","Nimit","3821 Airport Blvd","Mobile","AL","36608","B","Female","Owner","","20-123-7765","5 to 9","Less Than $500,000","(251) 344-9995","581208","Restaurants","581208","Restaurants","","Verified"
"Bangkok Thai Daphne","","","","28600 US Highway 98","Daphne","AL","36526","B","","","","68-928-1566","10 to 19","$500,000-1 Million","(251) 626-5286","581208","Restaurants","581208","Restaurants","","Verified"
"Banja's Thai & Sushi","","Benjawan","Tripatcha","1281 Hillcrest Rd","Mobile","AL","36695","C+","Male","Owner","","74-638-6787","5 to 9","Less Than $500,000","(251) 661-5100","581208","Restaurants","581208","Restaurants","","Verified"
"Bank Street Green","","","","508 Bank St NE","Decatur","AL","35601","B","","","","71-949-3086","5 to 9","Less Than $500,000","(256) 350-0958","581208","Restaurants","581208","Restaurants","","Verified"
"Bank's Bar B Que","","Landon","Parrish","2210 21st St","Haleyville","AL","35565","C+","Male","Owner","","31-641-1909","1 to 4","Less Than $500,000","(205) 486-2266","581208","Restaurants","581208","Restaurants","","Verified"
"Banks Street Grill","","","","719 Bank St NE","Decatur","AL","35601","B","","","","76-368-3354","5 to 9","","(256) 686-2006","581208","Restaurants","581208","Restaurants","","Verified"
"Banzai Japanese Restaurant","","Shigeaki","Oki","312 Schillinger Rd S # C","Mobile","AL","36608","C+","Female","Owner","","47-109-8384","1 to 4","Less Than $500,000","(251) 633-9077","581208","Restaurants","581208","Restaurants","","Verified"
"Bar 31","","Scott","Price","1485 Montgomery Hwy","Vestavia Hills","AL","35216","B","Male","Manager","","42-240-2161","5 to 9","Less Than $500,000","(205) 639-1525","581208","Restaurants","581208","Restaurants","","Verified"
"Bar B Q Place","","Burt","Hood","1502 Gault Ave S","Fort Payne","AL","35967","B","Male","Owner","","13-391-2188","5 to 9","Less Than $500,000","(256) 845-6155","581208","Restaurants","581208","Restaurants","","Verified"
"Bar B-Quing With My Honey","","Glenda","Witherspoon","19170 Highway 43","Mount Vernon","AL","36560","C+","Female","Owner","","60-912-0894","1 to 4","Less Than $500,000","(251) 829-9227","581208","Restaurants","581208","Restaurants","","Verified"
"Bar Spring Street Grill","","","","4100 4th Ave S","Birmingham","AL","35222","B+","","","","75-657-0004","5 to 9","","(205) 777-3024","581208","Restaurants","581208","Restaurants","","Verified"
"Bar-B-Q Place","","Sarah","Blankenship","64 Ashland St","Goodwater","AL","35072","B","Female","Owner","","76-539-4202","5 to 9","","(256) 839-5333","581208","Restaurants","581208","Restaurants","","Verified"
"Bar-B-Que Place & More","","Tony","Wilkie","800 Alexis Rd","Centre","AL","35960","B","Male","Owner","","80-378-4735","5 to 9","Less Than $500,000","(256) 927-3793","581208","Restaurants","581208","Restaurants","","Verified"
"Barbara Gale Mnneighborho","","Larry","Bethune Jr","2003 Early St","Montgomery","AL","36108","C+","Male","Owner","","64-108-0114","1 to 4","Less Than $500,000","(334) 593-4340","581208","Restaurants","581208","Restaurants","","Verified"
"Barbara's Country Kitchen","","Bernard","Danzey","1574 S Eufaula Ave","Eufaula","AL","36027","C","Male","Owner","","58-944-0981","1 to 4","Less Than $500,000","(334) 616-0035","581208","Restaurants","581208","Restaurants","","Verified"
"Barbecue King","","Johnny","Alston","2201 S Oates St","Dothan","AL","36301","B","Male","Owner","","73-789-5294","5 to 9","Less Than $500,000","(334) 699-1755","581208","Restaurants","581208","Restaurants","BARBECUE KING LLC","Verified"
"Barbeque Heaven","","","","119 James Madison Dr SW","Huntsville","AL","35824","U","","","","76-535-5267","","","(256) 489-1320","581208","Restaurants","581208","Restaurants","","Verified"
"Barbeque Hut","","Curtis","Turner","2842 Highway 78","Heflin","AL","36264","C","Male","Owner","","13-406-5523","1 to 4","Less Than $500,000","(256) 463-7555","581208","Restaurants","581208","Restaurants","","Verified"
"Barbeque Stop","","Clifford","Mortimer","309 Palace Dr","Trussville","AL","35173","B","Male","Owner","","42-715-9622","10 to 19","Less Than $500,000","(205) 681-5575","581206","Foods-Carry Out","581206","Foods-Carry Out","","Verified"
"Barberitos","CENTRE LANE PARTNERS LLC","Mark","Weeks","1619 Opelika Rd # 120","Auburn","AL","36830","B+","Male","Owner","","74-352-6637","10 to 19","$500,000-1 Million","(334) 887-9838","581208","Restaurants","581208","Restaurants","","Verified"
"Barberitos","CENTRE LANE PARTNERS LLC","Katie","Eubanks","100 S Appletree St # 6","Dothan","AL","36301","B+","Female","Owner","","73-175-4755","10 to 19","$500,000-1 Million","(334) 446-6450","581208","Restaurants","581208","Restaurants","","Verified"
"Bare Naked Noodles","","Brian","Vizzina","5511 Highway 280 # 109","Birmingham","AL","35242","C+","Male","Operation Exec","","73-506-4212","1 to 4","Less Than $500,000","(205) 423-5293","581208","Restaurants","581208","Restaurants","","Verified"
"Barge-N Chevron","CHEVRON CORP","","","2105 E 2nd Ave","Gulf Shores","AL","36542","B+","","","2519687773","47-237-8447","5 to 9","$5-10 Million","(251) 968-7775","554101","Service Stations-Gasoline & Oil","554101","Service Stations-Gasoline & Oil","FRENCH'S BARGE-N LLC","Verified"
"Bariachi Mexican Kitchen","","","","2032 Airport Blvd","Mobile","AL","36606","B","","","","74-635-6752","20 to 49","$1-2.5 Million","(251) 459-0404","581208","Restaurants","581208","Restaurants","","Verified"
"Bark & Barrel Bbq","","","","3414 Governors Dr SW # 535","Huntsville","AL","35805","U","","","","76-535-5257","","","(256) 678-7040","581208","Restaurants","581208","Restaurants","","Verified"
"Barking Bee Coffee","","","","4278 Main St","Pinson","AL","35126","B+","","","","78-230-6656","5 to 9","","(205) 962-0208","514908","Coffee Roasting (Whls)","514908","Coffee Roasting (Whls)","","Verified"
"Barland Crepes","","","","12969 Cottonwood Rd","Cottonwood","AL","36320","B","","","","78-256-5373","1 to 4","","(334) 653-8106","581208","Restaurants","581208","Restaurants","","Verified"
"Barnes & Noble Cafe","BARNES & NOBLE INC","","","171 Main St","Hoover","AL","35244","B","","","","44-034-2992","1 to 4","Less Than $500,000","(205) 682-4467","581228","Coffee Shops","581228","Coffee Shops","","Verified"
"Barney's Roadhouse","","Melanie","Kilgo","4405 Journey Pl","Gadsden","AL","35904","B","Female","Owner","","74-442-8635","20 to 49","$1-2.5 Million","(256) 467-3856","581208","Restaurants","581208","Restaurants","","Verified"
"Barnyard Buffet","","Nancy","Nelson","1020 Saraland Blvd S","Saraland","AL","36571","B+","Female","Owner","","67-608-5970","20 to 49","$1-2.5 Million","(251) 679-1461","581208","Restaurants","581208","Restaurants","","Verified"
"Barone's Pizza & Arcade","","Nick","Barone","2200 Gault Ave N","Fort Payne","AL","35967","B","Male","Owner","","75-375-8447","1 to 4","Less Than $500,000","(256) 979-1234","581208","Restaurants","581208","Restaurants","","Verified"
"Barone's Pizza & Arcade","","Nick","Barone","407 George Wallace Dr","Gadsden","AL","35903","B","Male","Owner","","75-374-2851","1 to 4","Less Than $500,000","(256) 543-8295","581208","Restaurants","581208","Restaurants","","Verified"
"Barranco Enterprises LLC","BARRANCO ENTERPRISES LLC","David","Barranco","3815 Interstate Ct # 102b","Montgomery","AL","36109","B","Male","Owner","3342776593","45-628-6103","5 to 9","","(334) 277-6590","581220","Restaurant Management","581220","Restaurant Management","BARRANCO ENTERPRISES LLC","Verified"
"Barrentine Fish Mkt-Oyster Bar","","Kevin","Floyd","1722 Reeves St","Dothan","AL","36303","B","Male","Owner","","13-409-4895","1 to 4","$1-2.5 Million","(334) 792-3466","514601","Seafood-Wholesale","514601","Seafood-Wholesale","","Verified"
"Barrija's Grill","","Zosimo","Lara","402 1st Ave E","Reform","AL","35481","B","Male","Owner","","40-235-3673","5 to 9","Less Than $500,000","(205) 375-2434","581208","Restaurants","581208","Restaurants","","Verified"
"Barrio Fiesta Mexican Grill","","Javier","Meledez","710 Colonial Promenade Pkwy","Alabaster","AL","35007","B","Male","Manager","","75-958-1578","5 to 9","Less Than $500,000","(205) 621-8997","581208","Restaurants","581208","Restaurants","","Verified"
"Barry Marsh","","Barry","Marsh","1570 Forestdale Blvd","Birmingham","AL","35214","B","Male","Site Manager","","49-603-2855","1 to 4","Less Than $500,000","(205) 798-0610","581208","Restaurants","581208","Restaurants","","Verified"
"Barry' S BBQ","","","","12475 US Highway 431","Sardis City","AL","35956","C+","","","","74-075-2953","1 to 4","Less Than $500,000","(256) 281-9933","581208","Restaurants","581208","Restaurants","","Verified"
"Barvista","","","","435 Williams Ave SW # 2","Huntsville","AL","35801","B+","","","","76-535-5251","10 to 19","","(256) 664-0034","581208","Restaurants","581208","Restaurants","","Verified"
"Basket Case Cafe","","Rick","Balzaratti","228 S Oates St # 1","Dothan","AL","36301","B+","Male","Owner","3346711117","80-338-0906","10 to 19","Less Than $500,000","(334) 671-1117","581212","Caterers","581212","Caterers","BASKETCASE LLC","Verified"
"Baskin-Robbins","ROARK CAPITAL GROUP","","","8171 US Highway 431","Albertville","AL","35950","A","","","","78-061-7745","10 to 19","","(256) 202-7979","581203","Ice Cream Parlors","581203","Ice Cream Parlors","","Verified"
"Baskin-Robbins","ROARK CAPITAL GROUP","","","2148 Sweeney Hollow Rd","Birmingham","AL","35215","B+","","","","78-061-7729","5 to 9","","(205) 419-9949","581203","Ice Cream Parlors","581203","Ice Cream Parlors","","Verified"
"Baskin-Robbins","ROARK CAPITAL GROUP","","","1024 6th Ave SE","Decatur","AL","35601","B","","","","74-622-3159","5 to 9","Less Than $500,000","(256) 960-9349","581203","Ice Cream Parlors","581203","Ice Cream Parlors","","Verified"
"Baskin-Robbins","ROARK CAPITAL GROUP","Shannon","Pelhan","3064 Ross Clark Cir","Dothan","AL","36301","B+","Female","Site Manager","","90-675-8446","5 to 9","Less Than $500,000","(334) 792-8221","581203","Ice Cream Parlors","581203","Ice Cream Parlors","BASKIN-ROBBINS","Verified"
"Baskin-Robbins","ROARK CAPITAL GROUP","Matthew","Ferguson","5000 Whitesburg Dr SW # 156","Huntsville","AL","35802","B+","Male","Owner","","48-733-6844","5 to 9","Less Than $500,000","(256) 881-7920","581203","Ice Cream Parlors","581203","Ice Cream Parlors","","Verified"
"Baskin-Robbins","ROARK CAPITAL GROUP","","","700 Quintard Dr","Oxford","AL","36203","B+","","","","77-790-3116","5 to 9","","(256) 831-0702","581203","Ice Cream Parlors","581203","Ice Cream Parlors","","Verified"
"Bates House Of Turkey","","Becky","Sloane","1001 Fort Dale Rd","Greenville","AL","36037","A","Female","Owner","3343828949","13-394-2524","20 to 49","$500,000-1 Million","(334) 382-6123","581208","Restaurants","581208","Restaurants","","Verified"
"Batter Up","","Jason","Lindsey","507 US Highway 80 W # 3","Demopolis","AL","36732","B","Male","Owner","","61-891-2489","5 to 9","Less Than $500,000","(334) 287-1222","581208","Restaurants","581208","Restaurants","","Verified"
"Battle House Renaissance","MARRIOTT INTERNATIONAL INC","Rodney","Middlebrooks","26 N Royal St","Mobile","AL","36602","A","Male","Manager","2513385428","60-357-2272","100 to 249","$20-50 Million","(251) 338-2000","701101","Hotels & Motels","701101","Hotels & Motels","","Verified"
"Baudean's","","Jacklyn","Graham","3300 River Rd","Theodore","AL","36582","B+","Female","Owner","","88-813-2602","5 to 9","Less Than $500,000","(251) 973-9070","581208","Restaurants","581208","Restaurants","BAUDEANS FOOD SVC INC","Verified"
"Baumhower's Restaurant","","William","Warnick","1001 Doug Baker Blvd","Birmingham","AL","35242","A","Male","Director","2059916482","89-494-6524","50 to 99","$2.5-5 Million","(205) 995-5151","581208","Restaurants","581208","Restaurants","","Verified"
"Baumhower's Victory Grill","","Danita","Billups","2353 Bent Creek Rd # 120","Auburn","AL","36830","B+","Female","Manager","","72-235-1306","50 to 99","$2.5-5 Million","(334) 246-4180","581208","Restaurants","581208","Restaurants","","Verified"
"Baumhower's Victory Grille","","Adam","Rohade","6880 US Highway 90 # 14","Daphne","AL","36526","A","Male","General Mgr","2516251875","21-486-9232","100 to 249","$5-10 Million","(251) 625-4695","581208","Restaurants","581208","Restaurants","","Verified"
"Baumhower's Victory Grille","","Xaviar","Crawley","2309 Memorial Pkwy SW","Huntsville","AL","35801","A","Male","Manager","2568819115","89-894-8526","100 to 249","$5-10 Million","(256) 881-8878","581208","Restaurants","581208","Restaurants","","Verified"
"Baumhower's Victory Grille","","Craig","Murdock","2465 Eastern Blvd","Montgomery","AL","36117","A","Male","Manager","3342711062","98-345-2285","50 to 99","$2.5-5 Million","(334) 271-1831","581208","Restaurants","581208","Restaurants","","Verified"
"Baumhower's Victory Grille","","Neil","Hollingshead","4251 Courtney Dr","Tuscaloosa","AL","35405","A","Male","General Mgr","2055565639","90-074-8591","100 to 249","$2.5-5 Million","(205) 556-5658","581208","Restaurants","581208","Restaurants","","Verified"
"Baumhower's Wings Restaurant","","Craig","Parker","4445 Creekside Ave # 161","Hoover","AL","35244","A","Male","Manager","","25-486-5454","50 to 99","$2.5-5 Million","(205) 403-7474","581208","Restaurants","581208","Restaurants","","Verified"
"Baumhowers Victory Grill","","","","1270 Montgomery Hwy","Vestavia Hills","AL","35216","B","","","","74-796-4636","1 to 4","Less Than $500,000","Not Available","581208","Restaurants","581208","Restaurants","","Verified"
"Baumhowers Victory Grille","","Harvey","Wells","500 Harper Lee Dr","Tuscaloosa","AL","35404","B+","Male","Manager","","42-657-6430","50 to 99","$2.5-5 Million","(205) 409-9922","581208","Restaurants","581208","Restaurants","","Verified"
"Bawarchi Indian Cuisine","BAWARCHI GROUP OF RESTAURANTS","","","2798 John Hawkins Pkwy # 108","Hoover","AL","35244","A","","","","75-831-3289","10 to 19","","(205) 549-3374","581208","Restaurants","581208","Restaurants","","Verified"
"Bay Breeze Cafe","","Julie","Tew","50 S Church St # D","Fairhope","AL","36532","C+","Female","Owner","","65-724-3564","1 to 4","Less Than $500,000","(251) 990-0294","581208","Restaurants","581208","Restaurants","","Verified"
"Bay City Grill","","Mark","Corington","5675 Highway 43","Satsuma","AL","36572","B","Male","Owner","","42-227-9985","10 to 19","Less Than $500,000","(251) 675-0360","581208","Restaurants","581208","Restaurants","","Verified"
"Bay House Bistro LLC","","","","151 S Mobile St","Fairhope","AL","36532","B","","","","72-638-9245","10 to 19","$500,000-1 Million","(251) 270-7205","581208","Restaurants","581208","Restaurants","BAY HOUSE BISTRO LLC","Verified"
"Bay Leaf Southside","","","","1024 20th St S","Birmingham","AL","35205","C+","","","","74-454-4132","5 to 9","Less Than $500,000","(205) 777-3070","581208","Restaurants","581208","Restaurants","","Verified"
"Bayles Catering Svc LLC","","","","5831 1st Ave N # 300","Birmingham","AL","35212","B","","","","42-536-4575","5 to 9","Less Than $500,000","(205) 538-5101","581208","Restaurants","581208","Restaurants","BAYLES CATERING SVC LLC","Verified"
"Bayley's Carryout Seafood","","Bill","Bayley","10660 Riverview Nursery Rd","Theodore","AL","36582","B","Male","Owner","","49-302-3931","5 to 9","Less Than $500,000","(251) 973-1572","581208","Restaurants","581208","Restaurants","","Verified"
"Bayou Fresh Seafood & Deli","","Juan","Vhu","217 N Walston Bridge Rd","Jasper","AL","35504","B+","Male","Owner","","42-115-3489","5 to 9","$500,000-1 Million","(205) 221-3400","542101","Seafood-Retail","542101","Seafood-Retail","","Verified"
"Bayou Rouge Caf+","","","","1205 Alabama Ave","Selma","AL","36703","B","","","","78-230-6946","5 to 9","","(334) 431-9844","581206","Foods-Carry Out","581206","Foods-Carry Out","","Verified"
"Bayou Seafood","","Johnnie","Carpenter","1350 N Wintzell Ave","Bayou La Batre","AL","36509","C","Male","Owner","","42-583-9307","1 to 4","Less Than $500,000","(251) 824-2248","581208","Restaurants","581208","Restaurants","","Verified"
"Bayside Grill","","Beth","Hargett","1 Grand Blvd","Point Clear","AL","36564","B+","Female","Exec Director","","60-798-5538","10 to 19","$500,000-1 Million","(251) 990-6300","581208","Restaurants","581208","Restaurants","","Verified"
"BB King's Blues Club","","","","1801 Eddie Tullis Dr","Montgomery","AL","36117","U","","","","41-513-6888","10 to 19","","(334) 514-5247","581208","Restaurants","581208","Restaurants","","Verified"
"BBQ 65","","Michelle","Dailey","2391 Pineapple Hwy","Greenville","AL","36037","C+","Female","Manager","","42-657-6168","1 to 4","Less Than $500,000","(334) 371-5826","581208","Restaurants","581208","Restaurants","","Verified"
"BBQ Haven","","","","1103 Boll Weevil Cir","Enterprise","AL","36330","B","","","","77-017-1279","5 to 9","","(334) 417-0685","581208","Restaurants","581208","Restaurants","","Verified"
"BBQ Hometown","","Tim","Hill","33684 US Highway 280","Childersburg","AL","35044","B","Male","Owner","","68-552-7418","5 to 9","Less Than $500,000","(256) 378-1223","581208","Restaurants","581208","Restaurants","HOMETOWN BBQ & GRILL LLC","Verified"
"BBQ House","","","","752 Highway 165","Fort Mitchell","AL","36856","B","","","","25-941-7509","5 to 9","Less Than $500,000","(334) 855-9001","581208","Restaurants","581208","Restaurants","","Verified"
"BBQ House","","Barbara","Mcquagge","27043 US Highway 231","Troy","AL","36081","C+","Female","Owner","","24-617-2043","1 to 4","Less Than $500,000","(334) 566-6330","581208","Restaurants","581208","Restaurants","","Verified"
"BBQ Shop","","Pat","Russell","3710 E Willow St","Scottsboro","AL","35768","C+","Male","Owner","","25-873-3161","1 to 4","Less Than $500,000","(256) 259-2090","581208","Restaurants","581208","Restaurants","BBQ SHOP INC","Verified"
"Bcbs-Al","","Nicolle","Rutledge","450 Riverchase Pkwy E","Hoover","AL","35244","C+","Female","Finance","","72-465-6166","5 to 9","Less Than $500,000","(205) 220-2100","581208","Restaurants","581208","Restaurants","","Verified"
"Beach House","","Erica","Sexton","1154 West Beach Blvd","Gulf Shores","AL","36542","B+","Female","Owner","","70-664-9750","20 to 49","$1-2.5 Million","(251) 948-2431","581208","Restaurants","581208","Restaurants","","Verified"
"Beacon430-GEN1814 LLC","","John D","Blanchard","7020 Fain Park Dr # 5","Montgomery","AL","36117","C+","Male","Manager","","71-655-0974","1 to 4","Less Than $500,000","Not Available","581208","Restaurants","581208","Restaurants","BEACON430-GEN1814 LLC","Verified"
"Beans & Greens","","Bobby","Boles","10294 Centre Rd","Gadsden","AL","35903","B+","Female","Owner","","51-708-5536","10 to 19","$500,000-1 Million","(256) 492-3267","581208","Restaurants","581208","Restaurants","BEANS & GREENS LLC","Verified"
"Bear Creek On The Trail","","Ron","Fillingham","231 Creekside Dr","Cherokee","AL","35616","B","Male","Owner","","73-601-9638","10 to 19","$500,000-1 Million","(256) 360-2324","581208","Restaurants","581208","Restaurants","","Verified"
"Bear Den","","James","Hammond","140 George Wallace","Lexington","AL","35648","B","Male","Owner","","62-006-7769","5 to 9","Less Than $500,000","(256) 229-5599","581208","Restaurants","581208","Restaurants","","Verified"
"Bear Point Marina Store","","Craig","Reaves","5749 Bay LA Launch Ave","Orange Beach","AL","36561","C+","Male","Owner","2519813992","98-759-1021","5 to 9","$500,000-1 Million","(251) 981-2327","449306","Marinas","449306","Marinas","BEAR POINT MARINA & RESORT LLC","Verified"
"Beautiful Rainbow Cafe","","","","254 College St","Gadsden","AL","35901","C+","","","","73-770-6518","5 to 9","Less Than $500,000","(256) 390-1999","581208","Restaurants","581208","Restaurants","","Verified"
"Becca's Bistro","","Rebecca","Satterfield","104 Adams St","Stevenson","AL","35772","C","Female","Owner","","72-621-6681","1 to 4","Less Than $500,000","(256) 663-2187","581208","Restaurants","581208","Restaurants","","Verified"
"Becchia","","Benard","Tanburllo","610 Preserve Pkwy","Hoover","AL","35226","B+","Male","Manager","","70-528-3048","20 to 49","$500,000-1 Million","(205) 637-3036","581208","Restaurants","581208","Restaurants","","Verified"
"Becky's Bar","","Becky","Mohler","55 Hickory Tree Ln","Daleville","AL","36322","B","Female","Owner","","64-273-8058","1 to 4","Less Than $500,000","(334) 503-1219","581208","Restaurants","581208","Restaurants","","Verified"
"Bee Gees Restaurant","","Brent","Rains","1105 Baltimore Ave","Albertville","AL","35950","B+","Male","Owner","","70-066-0442","10 to 19","$500,000-1 Million","(256) 878-9294","581208","Restaurants","581208","Restaurants","","Verified"
"Bee ZR","","Ron","Jewell","109 Northside Sq","Huntsville","AL","35801","A","Male","Owner","","75-830-8702","20 to 49","Less Than $500,000","(256) 427-2500","581208","Restaurants","581208","Restaurants","","Verified"
"Beef'O'Brady's","LEVINE LEICHTMAN CAPITAL","","","5279 Highway 280","Birmingham","AL","35242","A","","","","77-003-4329","10 to 19","","(205) 637-6662","581208","Restaurants","581208","Restaurants","","Verified"
"Beef'O'Brady's","LEVINE LEICHTMAN CAPITAL","George","Mccluney","5279 US 280","Birmingham","AL","35242","A","Male","Owner","","76-257-4638","20 to 49","","(205) 637-6661","581208","Restaurants","581208","Restaurants","","Verified"
"Beef'O'Brady's","LEVINE LEICHTMAN CAPITAL","Trey","Mobley","2743 Montgomery Hwy # 1010","Dothan","AL","36303","A","Male","Site Manager","3346780851","54-444-7105","20 to 49","$500,000-1 Million","(334) 678-0010","581208","Restaurants","581208","Restaurants","","Verified"
"Beef'O'Brady's","LEVINE LEICHTMAN CAPITAL","Trey","Mobley","621 Boll Weevil Cir # 32a","Enterprise","AL","36330","A","Male","Owner","3343473831","63-188-2370","20 to 49","$500,000-1 Million","(334) 348-9464","581208","Restaurants","581208","Restaurants","","Verified"
"Beef'O'Brady's","LEVINE LEICHTMAN CAPITAL","George","Mccluney","4300 Helena Rd","Helena","AL","35080","B+","Male","Owner","","72-349-7486","20 to 49","$1-2.5 Million","(205) 624-2333","581208","Restaurants","581208","Restaurants","","Verified"
"Beef'O'Brady's","LEVINE LEICHTMAN CAPITAL","George","Mccluney","5519 Grove Blvd # 109","Hoover","AL","35226","B+","Male","Owner","2059884053","40-220-9124","10 to 19","Less Than $500,000","(205) 987-9464","581208","Restaurants","581208","Restaurants","","Verified"
"Beef'O'Brady's","LEVINE LEICHTMAN CAPITAL","Todd","Wysong","4419 Rangeline Rd","Mobile","AL","36619","B+","Male","Manager","","42-793-2772","20 to 49","$500,000-1 Million","(251) 661-3346","581208","Restaurants","581208","Restaurants","","Verified"
"Beef'O'Brady's","LEVINE LEICHTMAN CAPITAL","Kim","Hyde","2776 Legends Pkwy","Prattville","AL","36066","A","Female","Owner","3342909964","67-207-6239","20 to 49","$1-2.5 Million","(334) 290-9962","581208","Restaurants","581208","Restaurants","","Verified"
"Beef'O'Brady's","LEVINE LEICHTMAN CAPITAL","Linda","Kessler","8495 Spanish Fort Blvd # J","Spanish Fort","AL","36527","A","Female","Owner","2514470104","62-384-4776","20 to 49","$1-2.5 Million","(251) 447-0660","581208","Restaurants","581208","Restaurants","","Verified"
"Beeker Catfish & Cattle Farm","","","","218 Main St","Eutaw","AL","35462","B","","","","72-137-7393","5 to 9","Less Than $500,000","Not Available","581208","Restaurants","581208","Restaurants","","Verified"
"Beijing Express","","Zhimin","Yan","3659 Lorna Rd # 161","Hoover","AL","35216","B","Female","Owner","","42-579-0909","5 to 9","Less Than $500,000","(205) 982-9688","581208","Restaurants","581208","Restaurants","","Verified"
"Beli","","","","","Gulf Shores","AL","36542","B+","","","","76-535-5362","10 to 19","","(251) 224-1053","581208","Restaurants","581208","Restaurants","","Verified"
"Belk Kountry Kitchen","","Lisa","Roberts","6885 Highway 96","Fayette","AL","35555","C+","Female","Owner","","89-487-8024","1 to 4","Less Than $500,000","(205) 932-5145","581208","Restaurants","581208","Restaurants","","Verified"
"Bell Peppers","","","","144 River Square Shopping Ctr","Bessemer","AL","35023","B+","","","","75-832-1351","5 to 9","","(205) 436-8500","581208","Restaurants","581208","Restaurants","","Verified"
"Bellgs Stoked On Smoke BBQ","","","","","Trussville","AL","35173","U","","","","76-535-5122","","","(205) 667-3197","581208","Restaurants","581208","Restaurants","","Verified"
"Bellini's Ristorante & Bar","","Benard","Tamburello","6801 Cahaba Valley Rd # 106","Hoover","AL","35242","B+","Male","Owner","","66-434-0049","20 to 49","$500,000-1 Million","(205) 981-5380","581208","Restaurants","581208","Restaurants","","Verified"
"Belly Food Truck","","","","","Huntsville","AL","35801","B+","","","","76-535-5246","10 to 19","","(810) 836-6433","581208","Restaurants","581208","Restaurants","","Verified"
"Belly Full Pizza","","Keri","Lawford","990 Alabama Highway 203","Elba","AL","36323","C+","Female","Manager","","40-334-4068","1 to 4","Less Than $500,000","(334) 853-0154","581222","Pizza","581222","Pizza","","Verified"
"Ben Jiang Zheng","","","","12060 County Line Rd","Madison","AL","35756","B","","","","66-946-5122","5 to 9","Less Than $500,000","(256) 232-9878","581208","Restaurants","581208","Restaurants","","Verified"
"Benbeck II Inc","","","","522 Geneva Hwy","Enterprise","AL","36330","C+","","","","73-784-0365","5 to 9","Less Than $500,000","Not Available","581208","Restaurants","581208","Restaurants","BENBECK II INC","Verified"
"Benja's Thai & Sushi Rstrnt","","Benja","Tripatch","1281 Hillcrest Rd","Mobile","AL","36695","B","Male","Owner","","71-504-4100","5 to 9","Less Than $500,000","(251) 661-5100","581208","Restaurants","581208","Restaurants","","Verified"
"Benny Greer","","","","2818 Magnolia St","Lincoln","AL","35096","B","","","","43-692-0104","5 to 9","Less Than $500,000","(205) 763-1599","581208","Restaurants","581208","Restaurants","","Verified"
"Bent Brook Golf Club","","James C","Lee","7900 Dickey Springs Rd","Bessemer","AL","35022","I","Male","Owner","2054289625","80-303-7381","100 to 249","$5-10 Million","(205) 424-2368","864108","Clubs","864108","Clubs","","Verified"
"Benton Club","","","","2553 Madison Ave","Montgomery","AL","36107","B","","","","71-220-6570","5 to 9","Less Than $500,000","(816) 232-6719","581208","Restaurants","581208","Restaurants","","Verified"
"Benton's","","Jesse","Dorsey","407 N Maloy St","Opp","AL","36467","B+","Male","Owner","","13-416-3286","10 to 19","Less Than $500,000","(334) 493-6364","581208","Restaurants","581208","Restaurants","","Verified"
"Berkeley Bob's Coffee House","","Bob","Keefe","304 1st Ave SE","Cullman","AL","35055","C+","Male","Owner","","21-470-6111","1 to 4","Less Than $500,000","(256) 775-2944","581228","Coffee Shops","581228","Coffee Shops","BERKELEY BOB'S COFFEE HOUSE LLC","Verified"
"Bernetti's Diner","","George","Otto","2147 Pelham Pkwy","Pelham","AL","35124","B","Male","Owner","","69-863-8038","5 to 9","Less Than $500,000","(205) 733-3756","581208","Restaurants","581208","Restaurants","","Verified"
"Berry Babes","","","","","Huntsville","AL","35803","B","","","","78-230-6796","1 to 4","","(772) 370-3557","581206","Foods-Carry Out","581206","Foods-Carry Out","","Verified"
"Bert's Desserts","","","","8919 Highway 119","Alabaster","AL","35007","B","","","","77-996-8100","1 to 4","","(205) 624-3341","581208","Restaurants","581208","Restaurants","","Verified"
"Bertile's","","Jenny","Beech","13423 St Stephens Ave","Chatom","AL","36518","B+","Female","Manager","2518472508","44-828-3481","5 to 9","Less Than $500,000","(251) 847-2508","581208","Restaurants","581208","Restaurants","","Verified"
"Bertile's Fast Foods Rstrnt","","Liza","Snell","222 S Jackson St","Grove Hill","AL","36451","B+","Female","Manager","2512753455","47-754-6956","10 to 19","Less Than $500,000","(251) 275-3455","581208","Restaurants","581208","Restaurants","","Verified"
"Bertiles","","Jenny","Beench","19295 N 3rd St","Citronelle","AL","36522","B+","Female","Manager","2518665323","13-418-1882","10 to 19","Less Than $500,000","(251) 866-5323","581208","Restaurants","581208","Restaurants","","Verified"
"Bertino's","","Bob","Korink","1540 Florence Blvd","Florence","AL","35630","B+","Male","Owner","2567675358","37-802-7585","20 to 49","$1-2.5 Million","(256) 766-2541","581222","Pizza","581222","Pizza","","Verified"
"Bertolones-Calera","","","","209 Supercenter Dr","Calera","AL","35040","B","","","","73-949-5270","5 to 9","$5-10 Million","(205) 644-8780","581208","Restaurants","581208","Restaurants","","Verified"
"Besitos Mexican Kitchen","","","","5479 US-280 # 102","Birmingham","AL","35242","B","","","","78-230-6707","5 to 9","","(205) 326-7248","581206","Foods-Carry Out","581206","Foods-Carry Out","","Verified"
"Best Kept Secrets","","","","1723 3rd Ave N","Bessemer","AL","35020","B","","","","78-230-6612","5 to 9","","(334) 400-8460","581206","Foods-Carry Out","581206","Foods-Carry Out","","Verified"
"Best Taste N Town","","Shemeika","Baker","3030 Modaus Rd SW","Decatur","AL","35603","B","Female","Owner","","75-832-1138","1 to 4","Less Than $500,000","(256) 822-2352","581208","Restaurants","581208","Restaurants","BEST TASTE N TOWN LLC","Verified"
"Best Western-On The Beach","BEST WESTERN INTL INC","Bobby","Thompson","337 East Beach Blvd","Gulf Shores","AL","36542","A","Male","Vice President","2519487339","80-383-3540","20 to 49","$5-10 Million","(251) 948-2711","701101","Hotels & Motels","701101","Hotels & Motels","","Verified"
"Best Wings & Deli","","","","2429 Carraway Blvd","Birmingham","AL","35234","C+","","","","38-513-7963","1 to 4","Less Than $500,000","(205) 322-1244","581208","Restaurants","581208","Restaurants","","Verified"
"Best Wings & Deli","","Rudy","Rusmin","5017 Arrington Blvd N # A","Birmingham","AL","35212","B","Male","Manager","","40-198-3412","5 to 9","Less Than $500,000","(205) 591-8988","581208","Restaurants","581208","Restaurants","","Verified"
"Best Wings 3","","Cardell","Lightford","3700 Blue Spring Rd NW # A","Huntsville","AL","35810","C+","Male","Owner","","71-665-2334","1 to 4","Less Than $500,000","(256) 715-0232","581208","Restaurants","581208","Restaurants","BO'S BEST WINGS INC","Verified"
"Bethel Grocery","","Karen","Moore","27972 Bethel Rd","Elkmont","AL","35620","B+","Female","Owner","2564233670","80-303-6086","5 to 9","$500,000-1 Million","(256) 423-3670","541105","Grocers-Retail","541105","Grocers-Retail","","Verified"
"Bettola","","","","","Birmingham","AL","35233","B+","","","","76-535-5156","10 to 19","","(205) 731-6499","581222","Pizza","581222","Pizza","","Verified"
"Betty Maes","","","","2007 Memorial Pkwy NW","Huntsville","AL","35810","C","","","","74-567-7352","1 to 4","Less Than $500,000","(256) 746-4159","581208","Restaurants","581208","Restaurants","","Verified"
"Betty's Bar-B-Q","","Cathy","Pruett","401 S Quintard Ave","Anniston","AL","36201","A","Female","Owner","2562379876","70-074-7926","20 to 49","$1-2.5 Million","(256) 237-1411","581208","Restaurants","581208","Restaurants","BETTY'S BARBECUE INC","Verified"
"Bevs Diner & Country Store","","Beverly","Stone","20250 Highway 20","Waterloo","AL","35677","C+","Female","Owner","","73-084-0649","5 to 9","Less Than $500,000","(256) 767-4220","554101","Service Stations-Gasoline & Oil","554101","Service Stations-Gasoline & Oil","","Verified"
"Beyond The Wok","","Jason","Wang","339 S College St # F","Auburn","AL","36830","B","Male","Owner","","76-539-5077","1 to 4","","(334) 209-6132","581208","Restaurants","581208","Restaurants","","Verified"
"BFW Liquidation","","Melanie","Burden","13130 AL Highway 157","Moulton","AL","35650","C+","Female","Owner","","41-457-3002","1 to 4","Less Than $500,000","(256) 974-7500","581208","Restaurants","581208","Restaurants","","Verified"
"Bibb Street Pizza Co","","","","424 Bibb St","Montgomery","AL","36104","B+","","","","75-078-3360","5 to 9","Less Than $500,000","(334) 274-7872","581208","Restaurants","581208","Restaurants","","Verified"
"Bier Shacktaproom","","","","8191 State Highway 59","Foley","AL","36535","B","","","","75-313-7289","5 to 9","","(360) 241-4269","581208","Restaurants","581208","Restaurants","","Verified"
"Big Als Barbeque","","Allen","Neighbors","22371 Highway 43 N","Berry","AL","35546","B","Male","Owner","","80-289-8536","1 to 4","Less Than $500,000","(205) 339-2538","581208","Restaurants","581208","Restaurants","","Verified"
"Big B Bar-B-Que Inc","","Steve","Gibson","1626 Highway 22 W","Alexander City","AL","35010","B","Male","Owner","2563299462","49-599-0111","5 to 9","Less Than $500,000","(256) 329-9996","581208","Restaurants","581208","Restaurants","BIG B BAR-B-QUE INC","Verified"
"Big Bad Breakfast","","Edward","Cox","5361 US-280","Hoover","AL","35242","B","Male","Operation Exec","","70-543-7557","5 to 9","Less Than $500,000","(205) 490-7568","581208","Restaurants","581208","Restaurants","","Verified"
"Big Bad Breakfast-Florence","","","","315 N Court St","Florence","AL","35630","U","","","","73-478-0086","1 to 4","Less Than $500,000","(256) 415-8545","701107","Bed & Breakfast Accommodations","701107","Bed & Breakfast Accommodations","","Verified"
"Big Blue Bagel","","Jon","Deason","120 N College St","Auburn","AL","36830","B+","Male","Owner","","59-017-8778","10 to 19","$500,000-1 Million","(334) 501-2245","581208","Restaurants","581208","Restaurants","","Verified"
"Big Blue Crawfish","","","","2611 Pepperell Pkwy","Opelika","AL","36801","C+","","","","74-080-5579","5 to 9","Less Than $500,000","(334) 444-8136","581208","Restaurants","581208","Restaurants","","Verified"
"Big Bob Gibson's Bar-B-Q","","Don","Mclemore","1715 6th Ave SE","Decatur","AL","35601","A","Male","Owner","","80-293-9389","50 to 99","$2.5-5 Million","(256) 350-6969","581208","Restaurants","581208","Restaurants","BIG BOB GIBSON BAR-B-Q INC","Verified"
"Big Bowl Thai Restaurant","","","","6125 University Dr NW # D13","Huntsville","AL","35806","B","","","","71-893-7845","5 to 9","Less Than $500,000","(256) 970-4122","581208","Restaurants","581208","Restaurants","","Verified"
"Big Boys","","Evan","Weathers","5094 Louina Rd","Roanoke","AL","36274","B","Male","Owner","","40-565-0703","5 to 9","Less Than $500,000","(334) 863-6425","581208","Restaurants","581208","Restaurants","","Verified"
"Big Bull Campgrounds","","Lynn","Mulvehill","4310 Martin St S","Cropwell","AL","35054","C+","Female","Owner","2058844748","71-315-0480","1 to 4","Less Than $500,000","(205) 884-4748","703301","Campgrounds","703301","Campgrounds","","Verified"
"Big Chief","","","","600 Main St W","Glencoe","AL","35905","B","","","","71-093-4068","5 to 9","Less Than $500,000","(256) 492-4660","581208","Restaurants","581208","Restaurants","BIG CHIEF LLC","Verified"
"Big D'S Butts 'n Stuff","","","","4441 S Alabama Ave","Monroeville","AL","36460","C+","","","","43-716-0356","1 to 4","Less Than $500,000","(251) 743-4227","581208","Restaurants","581208","Restaurants","","Verified"
"Big Daddy's","","Greg","Richardson","8150 Syl Fville Hwy","Sylacauga","AL","35151","B","Male","Owner","","23-186-8365","5 to 9","$5-10 Million","(256) 249-4001","554101","Service Stations-Gasoline & Oil","554101","Service Stations-Gasoline & Oil","","Verified"
"Big Daddy's Bar-B-Q","","David","Dabbs","43121 AL Highway 21","Munford","AL","36268","B","Male","Partner","","58-082-8440","1 to 4","Less Than $500,000","(256) 358-9005","581208","Restaurants","581208","Restaurants","","Verified"
"Big Daddy's Grill","","Jason","Newsom","16542 Ferry Rd","Fairhope","AL","36532","B+","Male","Owner","","62-948-9451","20 to 49","$1-2.5 Million","(251) 990-8555","581208","Restaurants","581208","Restaurants","","Verified"
"Big Daddy's Real Pit Bar B Que","","Madison","Terry","205 N Rawls St","Enterprise","AL","36330","C+","Female","Owner","","57-536-5267","1 to 4","Less Than $500,000","(334) 393-6019","581208","Restaurants","581208","Restaurants","","Verified"
"Big Ed's Pizza","","Steve","Denton","255 Pratt Ave NE","Huntsville","AL","35801","B","Male","Owner","","64-333-8486","5 to 9","Less Than $500,000","(256) 489-3374","581222","Pizza","581222","Pizza","","Verified"
"Big Fish Restaurant & Bar","","Leck","Lilayuva","25814 Canal Rd","Orange Beach","AL","36561","B","Male","Owner","2519817168","24-381-1494","10 to 19","Less Than $500,000","(251) 981-5516","581208","Restaurants","581208","Restaurants","","Verified"
"Big Joes Pizza Kitchen","","","","9850 Airport Blvd","Mobile","AL","36608","C+","","","","72-548-7354","5 to 9","Less Than $500,000","(251) 375-1999","581208","Restaurants","581208","Restaurants","","Verified"
"Big John's Bar-B-Q","","Wendy","Wallace","15888 Highway 69 S","Moundville","AL","35474","B","Female","Manager","","51-494-7035","5 to 9","Less Than $500,000","(205) 371-6399","581208","Restaurants","581208","Restaurants","","Verified"
"Big John's BBQ & Co","","Jonathan","Hambrick","6360 Highway 53","Harvest","AL","35749","C","Male","Owner","","74-475-1779","1 to 4","Less Than $500,000","(256) 945-7413","581208","Restaurants","581208","Restaurants","","Verified"
"Big John's Bbq-Huntsville","","","","4550 Meridian St N # C","Huntsville","AL","35811","B","","","","78-230-6801","5 to 9","","(256) 469-6099","581206","Foods-Carry Out","581206","Foods-Carry Out","","Verified"
"Big John's Diner","","Darlene","Johnson","5780 Woodmere Blvd","Montgomery","AL","36117","C+","Female","Manager","","73-569-4678","5 to 9","Less Than $500,000","(334) 676-3331","581208","Restaurants","581208","Restaurants","BIG JOHN'S DINER LLC","Verified"
"Big Mike Steakhouse","","","","33215 Highway 43","Thomasville","AL","36784","B","","","","43-311-1173","5 to 9","Less Than $500,000","(334) 636-2260","581208","Restaurants","581208","Restaurants","BIG MIKE'S STEAKHOUSE AUBURN LLC","Verified"
"Big Mike's","","Mike","Borlovan","5929 Lott Rd","Eight Mile","AL","36613","U","Male","Owner","","78-660-8785","5 to 9","","(251) 348-7327","581208","Restaurants","581208","Restaurants","","Verified"
"Big Mike's Steakhouse","","Patrick","Kirkland","102 Coffee St","Andalusia","AL","36420","C+","Male","Manager","","72-322-3362","1 to 4","Less Than $500,000","(334) 222-6453","581208","Restaurants","581208","Restaurants","","Verified"
"Big Mike's Steakhouse","","Suzanne","Sherling","610 Shug Jordan Pkwy","Auburn","AL","36832","B","Female","Manager","","75-846-1797","5 to 9","","(334) 209-1975","581208","Restaurants","581208","Restaurants","","Verified"
"Big Mike's Steakhouse","","","","25638 Canal Rd","Orange Beach","AL","36561","B+","","","","76-539-4965","5 to 9","","(251) 981-2652","581208","Restaurants","581208","Restaurants","","Verified"
"Big Mikes Seafood & More","","Darlean","Gibson","25 Park St","Headland","AL","36345","C+","Female","Owner","","73-849-6255","1 to 4","Less Than $500,000","(334) 785-5138","581208","Restaurants","581208","Restaurants","","Verified"
"Big Mill Co-Vintage 1889","","Lynn","Brewer","151 8th St NE","Fort Payne","AL","35967","B","Female","Owner","","88-810-0013","5 to 9","Less Than $500,000","(256) 845-3380","581208","Restaurants","581208","Restaurants","","Verified"
"Big Papa Gyro","","Mike","Adibi","4925 University Dr NW # 120","Huntsville","AL","35816","C+","Male","Owner","","26-188-4241","1 to 4","Less Than $500,000","(256) 489-9050","581208","Restaurants","581208","Restaurants","","Verified"
"Big Potato Co","","Keith","Fleming","159 Interstate Dr","Greenville","AL","36037","B","Male","Owner","","74-803-4479","5 to 9","Less Than $500,000","(334) 371-2447","581208","Restaurants","581208","Restaurants","","Verified"
"Big Shake's Hot Chicken & Fish","","","","4925 University Dr NW","Huntsville","AL","35816","B","","","","75-064-9522","5 to 9","Less Than $500,000","(256) 684-8440","581208","Restaurants","581208","Restaurants","","Verified"
"Big Shortys Pizza","","","","228 County Rd","Arley","AL","35541","B","","","","76-535-5198","5 to 9","","(205) 544-1843","581222","Pizza","581222","Pizza","","Verified"
"Big Spring Cafe","","Pam","Milim","3507 Governors Dr SW","Huntsville","AL","35805","B","Female","Owner","","13-384-5784","5 to 9","Less Than $500,000","(256) 539-9994","581208","Restaurants","581208","Restaurants","","Verified"
"Big Tasty","","","","","Northport","AL","35473","B","","","","78-230-6714","5 to 9","","(205) 394-2024","581206","Foods-Carry Out","581206","Foods-Carry Out","","Verified"
"Big Time Cafe","","Stephanie","Wills","15726 AL Highway 176","Fort Payne","AL","35967","B","Female","Owner","","90-540-3507","1 to 4","Less Than $500,000","(256) 845-0363","581208","Restaurants","581208","Restaurants","","Verified"
"Big Time Diner","","Mitch","Nyeste","4936 Cottage Hill Rd","Mobile","AL","36602","A","Male","Owner","","49-298-4208","50 to 99","$2.5-5 Million","(251) 666-2141","581208","Restaurants","581208","Restaurants","","Verified"
"Big Whiskeys","BIG WHISKEY'S CONCEPTS LLC","","","5250 Peridot Pl","Hoover","AL","35244","U","","","","75-783-5997","","","(205) 593-4929","581208","Restaurants","581208","Restaurants","","Verified"
"Bike Mike's Restaurant II LLC","","Patrick","Kirkland","102 Coffee St","Andalusia","AL","36420","C+","Male","Owner","","72-262-6076","1 to 4","Less Than $500,000","(334) 222-6453","581208","Restaurants","581208","Restaurants","BIKE MIKE'S RESTAURANT II LLC","Verified"
"Bill-E's","","","","19992 State Highway 181","Fairhope","AL","36532","B","","","","42-793-5339","5 to 9","$500,000-1 Million","(251) 210-6246","581208","Restaurants","581208","Restaurants","","Verified"
"Bill-Robbie's EXCELLENT Bbq","","","","706 N Railroad Ave","Opelika","AL","36801","B+","","","","78-230-6950","5 to 9","","(334) 740-4212","581206","Foods-Carry Out","581206","Foods-Carry Out","","Verified"
"Billion Dollar Roundtable Inc","","Sharon","Patterson","7131 Applewater Ct","Spanish Fort","AL","36527","B","Female","President","","71-221-6596","5 to 9","$500,000-1 Million","Not Available","581208","Restaurants","581208","Restaurants","BILLION DOLLAR ROUNDTABLE","Verified"
"Billy Jack's Grill & Bar","","Juan","Martinez","22951 State Highway 59 S","Robertsdale","AL","36567","B","Male","Owner","","73-778-7930","10 to 19","$500,000-1 Million","(251) 256-0042","581208","Restaurants","581208","Restaurants","BILLY JACK'S GRILL & BAR LLC","Verified"
"Billy Jacks Grill & Bar","","Juan","Martinez","22951 State Route 59","Robertsdale","AL","36567","B","Male","Owner","","74-175-1650","10 to 19","$500,000-1 Million","(251) 256-0042","581208","Restaurants","581208","Restaurants","","Verified"
"Billy's Bar & Grill","","Jeff","Skruggs","4520 Overton Rd # 100","Birmingham","AL","35210","B","Male","Owner","","66-423-7161","5 to 9","Less Than $500,000","(205) 879-2238","581208","Restaurants","581208","Restaurants","","Verified"
"Billy's Bar BQ","","Terry","Dillings","119 5th Ave SE","Gordo","AL","35466","C+","Male","Owner","","41-512-0688","1 to 4","Less Than $500,000","(205) 364-1400","581208","Restaurants","581208","Restaurants","","Verified"
"Billy's Bar-Grill-English Vlg","","Stacey","Mitchell","2012 Cahaba Rd","Mountain Brook","AL","35223","A","Female","General Mgr","2058792347","13-359-7260","20 to 49","$1-2.5 Million","(205) 879-2238","581208","Restaurants","581208","Restaurants","BILLY'S INC","Verified"
"Billy's Sports Bar & Grill","","Billy","Butler","14881 Highway 231 431 N","Hazel Green","AL","35750","C+","Male","Owner","","99-562-4210","1 to 4","Less Than $500,000","(256) 829-0555","581301","Bars","581301","Bars","","Verified"
"Billy's Sports Grill-Northport","","","","430 Main Ave","Northport","AL","35476","B","","","","73-678-4873","5 to 9","Less Than $500,000","(205) 879-2238","581208","Restaurants","581208","Restaurants","","Verified"
"Bimbo's Restaurant","","Bimbo","Koen","10066 Highway 84","Silas","AL","36919","B","Male","Owner","","13-438-1912","5 to 9","Less Than $500,000","(251) 542-9941","581208","Restaurants","581208","Restaurants","","Verified"
"Binti's Bakery","","","","","Montgomery","AL","36116","B+","","","","76-535-5306","5 to 9","","(334) 294-0683","581208","Restaurants","581208","Restaurants","","Verified"
"Bird Buffet N Things","","Michael","Camire","1015 S Memorial Dr","Prattville","AL","36067","C","Male","Owner","","40-145-5518","1 to 4","Less Than $500,000","(334) 380-3070","599929","Pet Supplies & Foods-Retail","599929","Pet Supplies & Foods-Retail","","Verified"
"Birds & Burgers","","","","717 1st St N","Alabaster","AL","35007","B","","","","76-181-5221","5 to 9","","(205) 624-2077","581208","Restaurants","581208","Restaurants","","Verified"
"Birdy's","","","","400 Avalon Ave","Muscle Shoals","AL","35661","B+","","","","78-229-6380","5 to 9","","(256) 367-0088","581206","Foods-Carry Out","581206","Foods-Carry Out","","Verified"
"Birmingham Museum Of Art","","Kate","Cleveland","2000 Rev Woods Blvd","Birmingham","AL","35203","I","Female","Director","2057319425","46-902-6264","50 to 99","","(205) 254-2565","841201","Museums","841201","Museums","ART FUND OF BIRMINGHAM INC","Verified"
"Birmingham Restaurant Supl Inc","","George N","Tobia","2428 6th Ave S","Birmingham","AL","35233","A","Male","President","","42-748-7551","20 to 49","$1-2.5 Million","(205) 252-0076","581208","Restaurants","581208","Restaurants","BIRMINGHAM RESTAURANT SUPPLY","Verified"
"Birmingham Restaurants","","","","300 Summit Blvd # 103","Vestavia","AL","35243","C+","","","","72-501-2721","5 to 9","Less Than $500,000","(205) 969-6858","581208","Restaurants","581208","Restaurants","","Verified"
"Birmingham Wings & Waffles","","","","3425 6th Ave S","Birmingham","AL","35222","B+","","","","76-535-5152","10 to 19","","(205) 202-5245","581208","Restaurants","581208","Restaurants","BIRMINGHAM WINGS & WAFFLES LLC","Verified"
"Biryani Pot","","","","758 Downtowner Blvd","Mobile","AL","36609","B","","","","76-535-5385","1 to 4","","(251) 888-0999","581208","Restaurants","581208","Restaurants","","Verified"
"Biscuit Belly-Hoover","","","","1031 Brocks Gap Pkwy # 157","Hoover","AL","35244","B+","","","","78-191-1761","5 to 9","","(205) 559-1892","581208","Restaurants","581208","Restaurants","","Verified"
"Biscuit Express","","Kayla","Slage","5077 Moores Mill Rd","Huntsville","AL","35811","B","Female","Manager","","41-274-7247","5 to 9","Less Than $500,000","(256) 852-5571","581208","Restaurants","581208","Restaurants","","Verified"
"Biscuit Express","","Mike","Donavan","12053 Highway 231","Meridianville","AL","35759","B+","Male","Owner","2568290313","99-562-4269","5 to 9","Less Than $500,000","(256) 829-0100","581208","Restaurants","581208","Restaurants","","Verified"
"Biscuit King's Fun Barn","","Willie","Foster","9555 County Road 24","Fairhope","AL","36532","C","Male","Owner","","60-798-4093","1 to 4","Less Than $500,000","(251) 928-2424","581208","Restaurants","581208","Restaurants","","Verified"
"Biscuit Shop","","","","80 Mcfarland Blvd # 1","Northport","AL","35476","B","","","","70-520-0158","5 to 9","$500,000-1 Million","(662) 324-3118","581208","Restaurants","581208","Restaurants","","Verified"
"Biscuits & Bows Pet Salon","","Kim","Neal","13685 Highway 231 431 N","Hazel Green","AL","35750","B","Female","Owner","","75-761-8092","1 to 4","","(256) 813-5236","824909","Pet Grooming Instructions","824909","Pet Grooming Instructions","","Verified"
"Bishop's Home Style Cooking","","Tim","Bishop","4143 W Main St # 4","Dothan","AL","36305","B","Male","Owner","","60-805-4573","5 to 9","Less Than $500,000","(334) 699-8646","581208","Restaurants","581208","Restaurants","BISHOP'S HOME-STYLE COOKING INC","Verified"
"Bishop's Westside Pub & Grill","","Desiree","Franz","12060 County Line Rd # E","Madison","AL","35756","B","Female","Manager","","76-535-5232","5 to 9","","(256) 800-8181","581208","Restaurants","581208","Restaurants","","Verified"
"Bishops Food & Spirits","","Diane","Simonson","12110 County Line Rd","Madison","AL","35756","B","Female","Manager","","40-366-3247","5 to 9","Less Than $500,000","(256) 325-1069","581208","Restaurants","581208","Restaurants","","Verified"
"Bistro","","","","1000 W I65 Service Rd S","Mobile","AL","36609","B","","","","71-796-1728","10 to 19","Less Than $500,000","(251) 344-5200","581208","Restaurants","581208","Restaurants","","Verified"
"Bistro","","Kathy","Smith","4115 Courtney Dr","Tuscaloosa","AL","35405","C+","Female","Manager","","71-543-5078","1 to 4","Less Than $500,000","(205) 750-8384","581208","Restaurants","581208","Restaurants","","Verified"
"Bistro 127","","","","127 W Mckinnon St","New Brockton","AL","36351","B","","","","76-292-9570","1 to 4","","(334) 586-4139","581208","Restaurants","581208","Restaurants","","Verified"
"Bistro 1307","","Timothy","Beard","1307 Noble St","Anniston","AL","36201","C","Male","Owner","","74-438-8237","1 to 4","Less Than $500,000","(256) 403-0598","581208","Restaurants","581208","Restaurants","","Verified"
"Bistro 17","","Vincent","Shakir","2217 University Blvd","Tuscaloosa","AL","35401","B+","Male","Owner","","76-989-9445","10 to 19","","(205) 248-7096","581208","Restaurants","581208","Restaurants","","Verified"
"Bistro On 19th","","","","109 19th St N","Bessemer","AL","35020","U","","","","75-830-2504","","","(205) 800-7310","581208","Restaurants","581208","Restaurants","BISTRO ON 19TH LLC","Verified"
"Bistro Provare","","Jason","Bireley","4600 Valleydale Rd","Birmingham","AL","35242","B","Male","Manager","","42-568-2593","5 to 9","Less Than $500,000","(205) 983-5214","581208","Restaurants","581208","Restaurants","","Verified"
"Bistro St Emanuel","","","","200 Saint Emanuel St","Mobile","AL","36602","B","","","","78-230-6917","5 to 9","","(251) 405-5040","581206","Foods-Carry Out","581206","Foods-Carry Out","","Verified"
"Bistro Twohundredeighteen","","Tom","Saab","218 20th St N","Birmingham","AL","35203","B","Male","Owner","","42-515-6997","5 to 9","Less Than $500,000","(205) 983-7998","581208","Restaurants","581208","Restaurants","","Verified"
"Bistro Twohundredeighteen","","","","218 29th St N","Birmingham","AL","35203","B","","","","43-725-7008","5 to 9","Less Than $500,000","(205) 983-7998","581208","Restaurants","581208","Restaurants","","Verified"
"Bistro V","","Jeremy","Downey","521 Montgomery Hwy","Vestavia Hills","AL","35216","B+","Male","Owner","","40-234-2421","10 to 19","$500,000-1 Million","(205) 823-1505","581208","Restaurants","581208","Restaurants","","Verified"
"Bite Cafe","","","","1521 Pinson Valley Pkwy # D","Birmingham","AL","35217","B","","","","78-230-6702","5 to 9","","(205) 238-5700","581206","Foods-Carry Out","581206","Foods-Carry Out","","Verified"
"Bizilia's Cafe Auburn","","","","134 N College St","Auburn","AL","36830","C+","","","","22-557-9192","1 to 4","Less Than $500,000","(334) 826-0080","581208","Restaurants","581208","Restaurants","BIZILIA'S CAFE LLC","Verified"
"Bj's Restaurant & Brewhouse","BJ'S RESTAURANTS INC","Stephen","Cassway","401 The Bridge St # 120","Huntsville","AL","35806","A","Male","Manager","2566848085","70-942-4886","100 to 249","$5-10 Million","(256) 684-8080","581208","Restaurants","581208","Restaurants","","Verified"
"Bj's Restaurant & Brewhouse","BJ'S RESTAURANTS INC","Celeste","Paige","3748 Airport Blvd","Mobile","AL","36608","B+","Female","Manager","2515819245","72-393-3009","100 to 249","$2.5-5 Million","(251) 581-9240","581208","Restaurants","581208","Restaurants","","Verified"
"BK # 16437","","Barbara","Sharp","7757 Crestwood Blvd","Irondale","AL","35210","C+","Female","Manager","","74-342-0995","1 to 4","Less Than $500,000","(205) 201-4515","581208","Restaurants","581208","Restaurants","","Verified"
"BK Clouds","","Joseph","Mcglathery","1539 S Main St","Graysville","AL","35073","B","Male","Owner","","75-830-1035","5 to 9","Less Than $500,000","(205) 390-9888","581208","Restaurants","581208","Restaurants","","Verified"
"BKR Borland Benefield","","","","800 Shades Creek Pkwy # 875","Birmingham","AL","35209","B","","","","74-101-9221","10 to 19","Less Than $500,000","(205) 802-7212","581208","Restaurants","581208","Restaurants","","Verified"
"Black Market Bar & Grill","","Michael","Reaves","1035 20th St S","Birmingham","AL","35205","B","Male","Manager","","42-231-5560","5 to 9","Less Than $500,000","(205) 933-8035","581208","Restaurants","581208","Restaurants","","Verified"
"Black Market Bar & Grill","","Alise","Youngblood","3411 Colonnade Pkwy # 800","Birmingham","AL","35243","B","Male","Owner","","68-523-4031","5 to 9","Less Than $500,000","(205) 967-8787","581208","Restaurants","581208","Restaurants","","Verified"
"Black Pearl Asian Cuisine","","Susan","Lin","3439 Colonnade Pkwy","Birmingham","AL","35243","B+","Female","President","","61-645-6158","10 to 19","Less Than $500,000","(205) 262-9888","581208","Restaurants","581208","Restaurants","","Verified"
"Black Rock Bistro","","Lindsey","Kilgore","313 19th St W","Jasper","AL","35501","B","Female","Owner","","40-200-9875","5 to 9","Less Than $500,000","(205) 387-0282","581208","Restaurants","581208","Restaurants","","Verified"
"Black Water Restaurant","","Colleen","Whittaker","4320 Highway 195","Jasper","AL","35503","B","Female","Owner","","40-257-7831","5 to 9","Less Than $500,000","(205) 265-2796","581208","Restaurants","581208","Restaurants","JOHN'S BLACKWATER RESTAURANT INC","Verified"
"Blackmons Cafe","","Terryce","Baker","5620 Avenue J","Birmingham","AL","35208","B","Male","Owner","","43-260-8687","5 to 9","Less Than $500,000","(205) 925-2300","581208","Restaurants","581208","Restaurants","","Verified"
"Blackstone Pub & Eatery","","Christopher","Robinson","525 Broad St","Gadsden","AL","35901","B","Male","Owner","","13-387-1327","5 to 9","Less Than $500,000","(256) 543-7473","581208","Restaurants","581208","Restaurants","BLACKSTONE PUB & EATERY INC","Verified"
"Blaze Pizza","BLAZE PIZZA LLC","Kassandra","Hernandez","707 Arrington Blvd S","Birmingham","AL","35233","B+","Female","Manager","","72-505-5134","10 to 19","$500,000-1 Million","(205) 378-3888","581222","Pizza","581222","Pizza","","Verified"
"Blaze Pizza","BLAZE PIZZA LLC","","","7th Ave S","Birmingham","AL","35233","A","","","","74-848-8982","10 to 19","Less Than $500,000","(205) 378-3888","581222","Pizza","581222","Pizza","","Verified"
"Blaze Pizza","BLAZE PIZZA LLC","","","9 Du Rhu Dr","Mobile","AL","36608","A","","","","74-990-2630","10 to 19","$500,000-1 Million","(251) 304-7979","581222","Pizza","581222","Pizza","","Verified"
"Blaze Pizza","BLAZE PIZZA LLC","","","1800 Mcfarland Blvd E","Tuscaloosa","AL","35404","C+","","","","74-069-7904","1 to 4","Less Than $500,000","(205) 293-8400","581222","Pizza","581222","Pizza","","Verified"
"Blessed Bites","","","","","Tuscaloosa","AL","35404","B+","","","","76-535-5186","10 to 19","","(205) 523-6459","581208","Restaurants","581208","Restaurants","","Verified"
"Bleus Burger","","Scott","Keel","3800 Gulf Shores Pkwy # 240","Gulf Shores","AL","36542","B+","Male","Owner","","72-614-5743","20 to 49","$1-2.5 Million","(251) 948-2538","581208","Restaurants","581208","Restaurants","","Verified"
"Blimpie America's Sub Shop","MTY GROUP USA INC","","","25951 Hsv Browns Fry Rd # A","Madison","AL","35756","B","","","","72-494-5107","5 to 9","Less Than $500,000","(256) 233-8883","581208","Restaurants","581208","Restaurants","","Verified"
